Date, Price, Ret, RV
1/3/08,-0.00910915,4.10397E-05,1792.2
1/4/08,-0.016370292,9.0278E-05,1763.1
1/7/08,-0.02213647,0.000114214,1724.5
1/8/08,0.004916857,8.21363E-05,1733
1/9/08,-0.025835793,0.000146901,1688.8
1/10/08,-0.025609364,0.000300404,1646.1
1/11/08,0.006841256,0.000133293,1657.4
1/14/08,-0.003808377,0.000250825,1651.1
1/15/08,-0.0187687,0.000159769,1620.4
1/16/08,-0.031087989,0.000264241,1570.8
1/17/08,-0.005938146,0.000271208,1561.5
1/18/08,0.000576203,0.000379538,1562.4
1/21/08,-0.048319845,0.000250779,1488.7
1/22/08,-0.016525943,0.00099488,1464.3
1/23/08,-0.039917534,0.000771758,1407
1/24/08,0.079353607,0.000316407,1523.2
1/25/08,0.008107799,0.000210416,1535.6
1/28/08,-0.030614973,0.00026468,1489.3
1/29/08,0.008158398,0.00011091,1501.5
1/30/08,0.012443075,0.000127087,1520.3
1/31/08,-0.014509812,0.000382452,1498.4
2/1/08,0.028163462,0.000187911,1541.2
2/4/08,0.014749245,9.72865E-05,1564.1
2/5/08,-0.012934127,8.11192E-05,1544
2/6/08,-0.007476063,0.000127919,1532.5
2/7/08,-0.020768836,0.000161111,1501
2/8/08,-0.004473683,5.91568E-05,1494.3
2/11/08,-0.000736402,0.000117493,1493.2
2/12/08,0.019103791,6.96092E-05,1522
2/13/08,0.031559784,0.000151734,1570.8
2/14/08,0.000827261,8.01204E-05,1572.1
2/15/08,-0.020045644,7.46031E-05,1540.9
2/18/08,0.017625569,3.69596E-05,1568.3
2/19/08,0.006736172,6.27313E-05,1578.9
2/20/08,-0.006162467,6.55944E-05,1569.2
2/21/08,-0.003958884,2.76518E-05,1563
2/22/08,-0.016319258,7.41104E-05,1537.7
2/25/08,0.018492199,4.88833E-05,1566.4
2/26/08,0.007188097,3.89898E-05,1577.7
2/27/08,-0.00597586,3.66271E-05,1568.3
2/28/08,0.000446244,5.51892E-05,1569
2/29/08,-0.004727537,8.64241E-05,1561.6
3/4/08,-0.050161493,0.000125788,1485.2
3/5/08,0.016825073,5.61347E-05,1510.4
3/6/08,-0.01091743,7.16836E-05,1494
3/7/08,-0.017419926,9.69957E-05,1468.2
3/10/08,-0.00464228,7.74101E-05,1461.4
3/11/08,0.031986028,0.000123267,1508.9
3/12/08,0.009366823,6.78206E-05,1523.1
3/13/08,-0.018688417,0.000114522,1494.9
3/14/08,0.007397814,0.000173043,1506
3/17/08,-0.024807161,0.000133693,1469.1
3/18/08,0.023810649,5.46589E-05,1504.5
3/19/08,0.010775895,0.000107075,1520.8
4/1/08,0.02705059,3.81628E-05,1562.5
4/2/08,0.010947853,3.65051E-05,1579.7
4/3/08,-0.006541575,3.68498E-05,1569.4
4/4/08,-0.002488119,3.62892E-05,1565.5
4/7/08,0.012316052,1.96505E-05,1584.9
4/8/08,-0.004109638,3.02059E-05,1578.4
4/9/08,0.003478484,3.17717E-05,1583.9
4/10/08,-0.023443314,8.67299E-05,1547.2
4/11/08,-0.007525662,7.25761E-05,1535.6
4/14/08,-0.0100135,3.43845E-05,1520.3
4/15/08,0.00465926,3.71886E-05,1527.4
4/16/08,0.00672085,0.000109974,1537.7
4/17/08,-0.00364845,5.67638E-05,1532.1
4/18/08,0.018431019,3.87187E-05,1560.6
4/21/08,0.001152738,3.13864E-05,1562.4
4/22/08,-0.011263917,5.34271E-05,1544.9
4/23/08,0.006580669,1.88054E-05,1555.1
4/24/08,0.005642849,3.35432E-05,1563.9
4/25/08,0.00675506,1.35145E-05,1574.5
4/28/08,0.009796255,9.49E-06,1590
4/29/08,-0.004538586,1.36539E-05,1582.8
4/30/08,0.016914517,6.01341E-05,1609.8
5/2/08,0.030647412,3.10165E-05,1659.9
5/5/08,-0.008287758,3.40188E-05,1646.2
5/6/08,-0.001337305,3.86851E-05,1644
5/7/08,0.012332401,3.02798E-05,1664.4
5/9/08,-0.015683509,2.09763E-05,1638.5
5/12/08,0.001341791,2.5597E-05,1640.7
5/13/08,0.001279123,3.10656E-05,1642.8
5/14/08,0.007036302,3.57323E-05,1654.4
5/15/08,0.008066987,3.31779E-05,1667.8
5/16/08,0.019946049,3.31004E-05,1701.4
5/19/08,0.005158881,3.44192E-05,1710.2
5/20/08,-0.004277643,3.47019E-05,1702.9
5/21/08,-0.020827287,6.74397E-05,1667.8
5/22/08,0.005978019,2.96662E-05,1677.8
5/23/08,-0.003881645,1.10676E-05,1671.3
5/26/08,-0.007688187,1.95887E-05,1658.5
5/27/08,-0.007930064,3.1889E-05,1645.4
5/28/08,0.01884406,3.45546E-05,1676.7
5/29/08,-0.001074114,3.66916E-05,1674.9
5/30/08,0.0058934,2.45637E-05,1684.8
6/2/08,0.000178047,1.90021E-05,1685.1
6/3/08,-0.00912105,6.2129E-05,1669.8
6/4/08,-0.01308075,3.13268E-05,1648.1
6/5/08,0.003815296,3.18146E-05,1654.4
6/6/08,-0.013999863,6.36851E-05,1631.4
6/9/08,-0.00676551,3.88327E-05,1620.4
6/10/08,-0.014608782,2.72986E-05,1596.9
6/11/08,-0.006155798,4.86084E-05,1587.1
6/12/08,0.009281973,4.31991E-05,1601.9
6/13/08,-0.009471015,4.89274E-05,1586.8
6/16/08,0.005342397,6.04119E-05,1595.3
6/17/08,0.024091582,4.90558E-05,1634.2
6/18/08,-0.007246854,6.36627E-05,1622.4
6/19/08,-0.005500802,5.72964E-05,1613.5
6/20/08,-0.033655811,0.000103569,1560.1
6/23/08,-0.005463265,5.25903E-05,1551.6
6/24/08,-0.023343304,0.000110851,1515.8
6/25/08,-0.003436429,3.39422E-05,1510.6
6/26/08,-0.020667558,0.000118795,1479.7
6/27/08,-0.001014233,0.000101562,1478.2
6/30/08,0.004185519,3.77938E-05,1484.4
7/1/08,-0.018013606,8.50518E-05,1457.9
7/2/08,0.00914932,8.42697E-05,1471.3
7/3/08,-0.019837971,0.000178168,1442.4
7/4/08,-0.016426469,8.7088E-05,1418.9
7/7/08,0.016842356,6.02401E-05,1443
7/8/08,-0.014378694,0.000104462,1422.4
7/9/08,0.022797762,4.4754E-05,1455.2
7/10/08,-0.00461481,9.98579E-05,1448.5
7/11/08,-0.002973003,6.77287E-05,1444.2
7/14/08,-0.002426428,7.05291E-05,1440.7
7/15/08,-0.028371196,0.000113592,1400.4
7/16/08,-0.001500697,0.000223036,1398.3
7/17/08,0.02966364,0.000123023,1440.4
7/18/08,-0.0127862,0.000183886,1422.1
7/21/08,0.018808022,8.60632E-05,1449.1
7/22/08,-0.009359794,8.90067E-05,1435.6
7/23/08,0.026803886,7.28808E-05,1474.6
7/24/08,-0.022494434,0.000110146,1441.8
7/25/08,-0.006471163,5.6034E-05,1432.5
7/28/08,0.007718824,3.60056E-05,1443.6
7/29/08,0.000554017,4.48958E-05,1444.4
7/30/08,0.020285783,0.000150781,1474
7/31/08,-0.00537398,9.24412E-05,1466.1
8/1/08,-0.010283924,6.12622E-05,1451.1
8/4/08,-0.006360201,2.82224E-05,1441.9
8/5/08,0.001039753,7.64688E-05,1443.4
8/6/08,0.010749828,4.33242E-05,1459
8/7/08,-0.005153765,7.27386E-05,1451.5
8/8/08,0.002133444,8.99369E-05,1454.6
8/11/08,0.000481116,3.22201E-05,1455.3
8/12/08,-0.006410941,4.46152E-05,1446
8/13/08,0.001520282,3.94733E-05,1448.2
8/14/08,0,6.32399E-05,1448.2
8/15/08,0.005852198,2.31142E-05,1456.7
8/18/08,-0.008964341,3.69012E-05,1443.7
8/19/08,-0.008416563,2.83164E-05,1431.6
8/20/08,0.00279018,2.63475E-05,1435.6
8/21/08,0.002990786,2.34849E-05,1439.9
8/22/08,0.010157282,4.43307E-05,1454.6
8/25/08,-0.003581271,9.56E-06,1449.4
8/26/08,-0.008174621,2.54553E-05,1437.6
8/27/08,0.004511234,2.73014E-05,1444.1
8/28/08,0.00745088,5.52457E-05,1454.9
8/29/08,0.014127517,2.06515E-05,1475.6
9/1/08,-0.005436273,1.84894E-05,1467.6
9/2/08,0.002449981,4.45419E-05,1471.2
9/3/08,-0.012792185,5.75038E-05,1452.5
9/4/08,-0.016101396,3.99885E-05,1429.3
9/5/08,-0.038440216,0.000260631,1375.4
9/8/08,0.037670312,3.91874E-05,1428.2
9/9/08,-0.027686868,9.28557E-05,1389.2
9/10/08,-0.04950666,0.000351063,1322.1
9/11/08,-0.023107379,0.000277873,1291.9
9/12/08,0.001315026,0.000215478,1293.6
9/15/08,-0.046358059,0.000263988,1235
9/16/08,-0.055949333,0.000657412,1167.8
9/17/08,0.01588616,0.00049385,1186.5
9/18/08,-0.007189712,0.000472254,1178
9/19/08,0.108648821,0.00049227,1313.2
9/22/08,-0.002363436,0.000241299,1310.1
9/23/08,-0.023634094,0.000205346,1279.5
9/24/08,0.002575812,0.000188203,1282.8
9/25/08,0.013857392,0.000127844,1300.7
9/26/08,-0.020898022,0.000111061,1273.8
9/29/08,-0.055027191,0.000414384,1205.6
9/30/08,-0.000580792,0.000458789,1204.9
10/1/08,0.024350455,0.000145313,1234.6
10/2/08,-0.009440174,0.000104617,1223
10/3/08,-0.014412438,0.000181321,1205.5
10/6/08,-0.089042018,0.000452171,1102.8
10/7/08,-0.017286752,0.001099385,1083.9
10/8/08,-0.039519678,0.001619205,1041.9
10/9/08,0.002875218,0.00025815,1044.9
10/10/08,-0.163042618,0.001539722,887.7
10/13/08,0.098612554,0.000448921,979.7
10/14/08,0.103010098,0.000399758,1086
10/15/08,-0.083201467,0.000554262,999.3
10/16/08,-0.062665631,0.000868969,938.6
10/17/08,-0.107066637,0.001342172,843.3
10/20/08,0.024250002,0.000403787,864
10/21/08,0.028186952,0.00024338,888.7
10/22/08,-0.041000173,0.000406051,853
10/23/08,-0.00375852,0.000436018,849.8
10/24/08,-0.120803007,0.00085475,753.1
10/27/08,-0.072546421,0.00047281,700.4
10/29/08,0.120887546,0.000325804,790.4
10/30/08,0.090999282,0.0004004,865.7
10/31/08,0.013424561,0.0003301,877.4
11/3/08,0.02776239,0.000195526,902.1
11/4/08,0.033572635,0.000192956,932.9
11/5/08,-0.029258708,0.000410756,906
11/6/08,-0.044000329,0.000505523,867
11/7/08,0.03044306,0.000228031,893.8
11/10/08,0.011457937,0.00015886,904.1
11/11/08,-0.042477865,0.000175577,866.5
11/12/08,-0.05004889,0.000435626,824.2
11/13/08,-0.058715501,0.000849812,777.2
11/14/08,0.042076997,0.000212749,810.6
11/18/08,-0.042463072,0.000302131,776.9
11/19/08,0.000643376,0.000187507,777.4
11/20/08,-0.055404478,0.000214614,735.5
11/21/08,0.012699441,0.000301377,744.9
11/24/08,0.060806233,0.000285513,791.6
11/25/08,0.030358141,0.000283227,816
11/26/08,0.000245068,0.000253015,816.2
11/27/08,0.037513415,7.35062E-05,847.4
11/28/08,0.018705245,0.000262653,863.4
12/1/08,-0.026524264,0.000151337,840.8
12/2/08,-0.024196185,0.000209097,820.7
12/3/08,-0.00415141,7.34856E-05,817.3
12/4/08,0.029298617,0.000233603,841.6
12/5/08,-0.020285158,8.99672E-05,824.7
12/8/08,0.036081785,7.61714E-05,855
12/9/08,-0.009164675,9.0835E-05,847.2
12/10/08,0.02598154,0.000163841,869.5
12/11/08,-0.023859147,0.000114686,849
12/12/08,-0.030131404,9.32979E-05,823.8
12/15/08,0.015657311,0.000167659,836.8
12/16/08,0.001313668,0.000238075,837.9
12/17/08,-0.005025136,0.000132134,833.7
12/18/08,0.000239866,4.2547E-05,833.9
12/19/08,-0.016809151,0.000306205,820
12/22/08,0.000365787,8.28541E-05,820.3
12/23/08,0.031794412,9.69642E-05,846.8
12/29/08,0.024496734,5.72756E-05,867.8
12/30/08,-0.011706885,0.000111616,857.7
1/2/09,0.01435376,2.18452E-05,870.1
1/5/09,0.015848915,6.85883E-05,884
1/6/09,0.022925242,0.00012537,904.5
1/7/09,-0.028028741,9.06686E-05,879.5
1/8/09,-0.008220163,0.000115339,872.3
1/9/09,0.005145515,0.000154449,876.8
1/12/09,-0.002969734,4.49255E-05,874.2
1/13/09,-0.015098541,6.45344E-05,861.1
1/14/09,-0.027073217,8.51222E-05,838.1
1/15/09,-0.00850763,0.000122233,831
1/16/09,0.013150219,6.45455E-05,842
1/19/09,-0.028795436,0.00012559,818.1
1/20/09,-0.024750676,0.000123935,798.1
1/21/09,-0.017187331,0.000215157,784.5
1/22/09,-0.021387056,0.000190368,767.9
1/23/09,-0.021721383,0.000133963,751.4
1/26/09,0.021200346,0.000205434,767.5
1/27/09,0.002082521,0.000121561,769.1
1/28/09,0.022880175,8.53997E-05,786.9
1/29/09,-0.007654075,0.000121267,780.9
1/30/09,-0.008616863,0.000147092,774.2
2/2/09,-0.014703277,3.55487E-05,762.9
2/3/09,-0.013593083,0.000147617,752.6
2/4/09,-0.003994147,0.000150639,749.6
2/5/09,-0.028414846,0.000100747,728.6
2/6/09,0.006702713,0.000144823,733.5
2/9/09,0.036017013,0.000130628,760.4
2/10/09,-0.011773401,5.02192E-05,751.5
2/11/09,-0.015150789,0.000115855,740.2
2/12/09,-0.019232674,0.000103859,726.1
2/13/09,-0.002482075,6.85139E-05,724.3
2/16/09,-0.035841093,0.000134535,698.8
2/17/09,-0.074548384,0.000491702,648.6
2/18/09,-0.031639287,0.000919576,628.4
2/19/09,0.044354894,0.000335531,656.9
2/20/09,-0.013949793,0.000308243,647.8
2/23/09,-0.001081165,0.000265305,647.1
2/24/09,-0.004646849,0.000169496,644.1
2/25/09,-0.00326569,0.000199754,642
2/26/09,0.00124533,0.000110925,642.8
2/27/09,-0.003896817,0.000170289,640.3
3/2/09,-0.006738253,0.00019649,636
3/3/09,-0.006942281,9.33279E-05,631.6
3/4/09,0.023162225,8.11003E-05,646.4
3/5/09,-0.009950331,0.000109234,640
3/6/09,0.005609239,9.5465E-05,643.6
3/9/09,-0.004516086,0.00011299,640.7
3/10/09,0.030587184,0.000100841,660.6
3/11/09,0.02186043,0.000129662,675.2
3/12/09,0.001036193,0.000130899,675.9
3/13/09,0.024407496,9.68159E-05,692.6
3/16/09,0.001875226,8.5767E-05,693.9
3/17/09,-0.000288268,0.000106817,693.7
3/18/09,0.018425145,9.04094E-05,706.6
3/19/09,0.049558136,0.000236245,742.5
3/20/09,-0.017526432,0.000130544,729.6
3/23/09,0.046987161,5.86623E-05,764.7
3/24/09,0.018399068,0.000227839,778.9
3/25/09,0.034697229,0.000215485,806.4
3/26/09,0.00321902,0.000159484,809
3/27/09,-0.025032596,0.00010385,789
3/30/09,-0.057382102,0.000179387,745
3/31/09,0.006422286,0.000147802,749.8
4/1/09,0.003461593,0.000162797,752.4
4/2/09,0.06384051,0.000163685,802
4/3/09,0.025847593,0.000163205,823
4/6/09,-0.013579021,0.000156653,811.9
4/7/09,-0.026458551,8.21023E-05,790.7
4/8/09,0.027935474,0.000158995,813.1
4/9/09,0.036231472,0.000158342,843.1
4/14/09,0.003788332,0.000124055,846.3
4/15/09,-0.006520087,0.00011885,840.8
4/16/09,0.006283736,0.000110018,846.1
4/17/09,-0.000472869,0.000126358,845.7
4/20/09,-0.02175558,0.000134417,827.5
4/21/09,-0.017186114,9.87652E-05,813.4
4/22/09,0.011125489,0.000119669,822.5
4/23/09,0.002428659,6.88115E-05,824.5
4/24/09,0.009896291,2.13098E-05,832.7
4/27/09,-0.011960275,9.87439E-05,822.8
4/28/09,-0.004751182,8.36246E-05,818.9
4/29/09,0.033856775,6.78774E-05,847.1
4/30/09,0.036624791,0.000142706,878.7
5/4/09,0.025949223,7.00093E-05,901.8
5/5/09,0.036260709,0.000163518,935.1
5/6/09,0.017806512,0.000192457,951.9
5/7/09,0.031945653,7.4188E-05,982.8
5/11/09,-0.020248392,0.000210743,963.1
5/12/09,0.01371509,9.84132E-05,976.4
5/13/09,-0.072297618,0.000393116,908.3
5/14/09,-0.021365005,0.000190097,889.1
5/15/09,0.016619645,0.000106579,904
5/18/09,-0.005101486,0.000164271,899.4
5/19/09,0.019161472,9.1125E-05,916.8
5/20/09,0.023286951,0.000103798,938.4
5/21/09,-0.005449605,5.22535E-05,933.3
5/22/09,-0.009257332,6.79726E-05,924.7
5/25/09,0.005930256,4.85521E-05,930.2
5/26/09,-0.017897327,9.51006E-05,913.7
5/27/09,0.002841532,4.25534E-05,916.3
5/28/09,-0.007558781,4.38871E-05,909.4
5/29/09,-0.018758528,0.000153679,892.5
6/1/09,0.02544385,3.69061E-05,915.5
6/2/09,0.005446637,3.97967E-05,920.5
6/3/09,0.007036565,3.63578E-05,927
6/4/09,-0.003457968,4.61524E-05,923.8
6/5/09,0.025225792,5.31086E-05,947.4
6/8/09,-0.011785453,2.02768E-05,936.3
6/9/09,0.013788933,1.26489E-05,949.3
6/10/09,0.017852956,2.83339E-05,966.4
6/11/09,-0.006019738,3.55484E-05,960.6
6/12/09,-0.006894418,3.58404E-05,954
6/15/09,-0.012870734,2.36431E-05,941.8
6/16/09,-0.00361664,8.32228E-05,938.4
6/17/09,-0.017848017,7.94556E-05,921.8
6/18/09,0.001192606,4.87076E-05,922.9
6/19/09,0.003029322,2.61161E-05,925.7
6/22/09,-0.022946811,7.62912E-05,904.7
6/23/09,-0.02099932,7.19704E-05,885.9
6/24/09,0.020557086,7.12088E-05,904.3
6/25/09,-0.009667279,9.6314E-05,895.6
6/26/09,0.000781294,3.32591E-05,896.3
6/29/09,-0.001786712,5.32327E-05,894.7
6/30/09,0.00568405,2.29762E-05,899.8
7/1/09,-0.000333463,4.57944E-05,899.5
7/2/09,-0.01681654,5.16594E-05,884.5
7/3/09,-0.005668949,7.36969E-05,879.5
7/7/09,0.002611709,4.34619E-05,881.8
7/8/09,0.006217871,3.15402E-05,887.3
7/9/09,0.007634482,7.18978E-05,894.1
7/10/09,-0.001791112,5.29552E-05,892.5
7/13/09,0.013024061,6.84198E-05,904.2
7/14/09,0.024687218,0.00034117,926.8
7/15/09,0.018917894,4.85639E-05,944.5
7/16/09,0.002009626,2.96949E-05,946.4
7/17/09,-0.001268767,4.27989E-05,945.2
7/20/09,0.015328384,3.03523E-05,959.8
7/21/09,0.004470094,4.93186E-05,964.1
7/22/09,-0.005303949,5.76701E-05,959
7/23/09,-0.001356498,3.13829E-05,957.7
7/24/09,0.018723071,6.70705E-05,975.8
7/27/09,0.013841051,1.78325E-05,989.4
7/28/09,0.002120249,6.06398E-05,991.5
7/29/09,0.003925718,6.34846E-05,995.4
7/30/09,0.025980638,5.09689E-05,1021.6
7/31/09,0.035293821,8.30571E-05,1058.3
8/3/09,0.028963239,6.39484E-05,1089.4
8/4/09,0.003939357,9.49572E-05,1093.7
8/5/09,0.023226384,4.27432E-05,1119.4
8/6/09,0.024705686,6.65909E-05,1147.4
8/7/09,-0.006645705,0.000171414,1139.8
8/10/09,0.005162995,8.97745E-05,1145.7
8/11/09,-0.016634047,8.09943E-05,1126.8
8/12/09,-0.00721446,0.000109198,1118.7
8/13/09,0.032538924,9.04115E-05,1155.7
8/14/09,0.010244139,0.000100194,1167.6
8/17/09,-0.0313178,8.12015E-05,1131.6
8/18/09,0.008798227,3.22524E-05,1141.6
8/19/09,-0.018209643,5.69114E-05,1121
8/20/09,0.010294731,3.08963E-05,1132.6
8/21/09,0.004932192,3.28244E-05,1138.2
8/24/09,0.04046347,1.56493E-05,1185.2
8/25/09,0.002780471,6.45338E-05,1188.5
8/26/09,-0.017313511,4.21786E-05,1168.1
8/27/09,0,5.64101E-05,1168.1
8/28/09,0.006995422,3.84944E-05,1176.3
8/31/09,-0.011801061,4.18782E-05,1162.5
9/1/09,0.005319161,4.39425E-05,1168.7
9/2/09,-0.034736898,0.000109588,1128.8
9/3/09,0.005036904,3.75469E-05,1134.5
9/4/09,0.011393638,3.0287E-05,1147.5
9/7/09,0.007639589,3.33571E-05,1156.3
9/8/09,-0.001038332,2.20408E-05,1155.1
9/9/09,0,2.45788E-05,1155.1
9/10/09,-0.005817251,2.40071E-05,1148.4
9/11/09,-0.001568628,3.70124E-05,1146.6
9/14/09,-0.013256855,4.46491E-05,1131.5
9/15/09,0.001677779,4.12255E-05,1133.4
9/16/09,0.014018102,4.2305E-05,1149.4
9/17/09,0.010558298,2.36964E-05,1161.6
9/18/09,-0.006390902,4.40059E-05,1154.2
9/21/09,-0.0112395,2.09505E-05,1141.3
9/22/09,0.017027603,2.47494E-05,1160.9
9/23/09,0.002409018,4.82455E-05,1163.7
9/24/09,-0.004823853,2.54485E-05,1158.1
9/25/09,-0.010066908,2.64309E-05,1146.5
9/29/09,0.002439238,2.72023E-05,1149.3
9/30/09,0.00762767,7.09022E-05,1158.1
10/1/09,-0.002766971,5.11647E-05,1154.9
10/2/09,-0.034173294,0.000115436,1116.1
10/5/09,0.0059851,3.23648E-05,1122.8
10/6/09,0.014325119,2.67192E-05,1139
10/7/09,-0.001581584,3.81852E-05,1137.2
10/8/09,0.000791105,4.44709E-05,1138.1
10/9/09,0.013873963,1.51878E-05,1154
10/12/09,0.021602074,1.8119E-05,1179.2
10/13/09,-0.012887986,4.14117E-05,1164.1
10/14/09,0.010255624,4.72501E-05,1176.1
10/15/09,-0.016200586,7.338E-05,1157.2
10/16/09,8.64118E-05,9.48114E-05,1157.3
10/19/09,-0.00580616,2.38421E-05,1150.6
10/20/09,0.012695019,4.23525E-05,1165.3
10/21/09,-8.58185E-05,1.90558E-05,1165.2
10/22/09,-0.013130804,3.36049E-05,1150
10/23/09,0.016044509,2.91581E-05,1168.6
10/26/09,-0.000684814,4.41345E-05,1167.8
10/27/09,-0.015359694,6.73366E-05,1150
10/29/09,-0.022245609,0.000137511,1124.7
10/30/09,0.018237588,9.48319E-05,1145.4
11/2/09,-0.015130479,2.6921E-05,1128.2
11/3/09,-0.012217568,2.47279E-05,1114.5
11/4/09,0.01008802,2.30952E-05,1125.8
11/5/09,0.013936893,4.15616E-05,1141.6
11/6/09,-0.003949626,8.15147E-05,1137.1
11/9/09,0.015272802,2.21364E-05,1154.6
11/10/09,-0.000953165,2.26558E-05,1153.5
11/11/09,0.00302965,1.78452E-05,1157
11/12/09,0.007491317,2.42545E-05,1165.7
11/13/09,-0.012343172,3.41724E-05,1151.4
11/16/09,0.001822205,2.19668E-05,1153.5
11/18/09,-0.004779501,4.38572E-05,1148
11/19/09,0.001566716,2.40253E-05,1149.8
11/20/09,-0.002961417,3.49392E-05,1146.4
11/23/09,0.004699339,9.18E-06,1151.8
11/24/09,-0.009420865,4.75713E-05,1141
11/25/09,-0.008095785,4.26616E-05,1131.8
11/26/09,-0.019359184,3.89107E-05,1110.1
11/27/09,0.001260353,4.66143E-05,1111.5
11/30/09,0.002515951,5.45027E-05,1114.3
12/1/09,0.004119655,2.05917E-05,1118.9
12/2/09,-0.000894135,3.0933E-05,1117.9
12/3/09,0.011561851,2.07093E-05,1130.9
12/4/09,0.010730094,5.80172E-05,1143.1
12/7/09,-0.004471534,1.10216E-05,1138
12/8/09,-0.014159529,4.64548E-05,1122
12/9/09,-0.014543752,7.19008E-05,1105.8
12/10/09,-0.001357405,2.93659E-05,1104.3
12/11/09,0.004337226,3.06872E-05,1109.1
12/14/09,-0.002708561,1.81242E-05,1106.1
12/15/09,-0.008625831,4.38251E-05,1096.6
12/16/09,0.019147984,3.71719E-05,1117.8
12/17/09,-0.003674662,1.96387E-05,1113.7
12/18/09,-0.000718584,4.94137E-05,1112.9
12/21/09,-0.000269602,1.60782E-05,1112.6
12/22/09,-0.002339603,1.51229E-05,1110
12/23/09,-9.00941E-05,6.63E-06,1109.9
12/28/09,0.000990589,4.56E-06,1111
12/29/09,0.007353634,3.19096E-05,1119.2
12/30/09,-0.000893895,1.9725E-05,1118.2
1/4/10,0.013413481,4.7038E-05,1133.3
1/5/10,0.017406956,5.76626E-05,1153.2
1/6/10,0.000173415,1.66828E-05,1153.4
1/7/10,0.000433407,1.4906E-05,1153.9
1/8/10,0.00406487,3.35279E-05,1158.6
1/11/10,0.018556264,2.31917E-05,1180.3
1/12/10,-0.004755848,3.5621E-05,1174.7
1/13/10,0.003653826,2.74183E-05,1179
1/14/10,0.0154024,3.3504E-05,1197.3
1/15/10,-0.006620043,3.15458E-05,1189.4
1/18/10,0.012615565,1.27617E-05,1204.5
1/19/10,0.001824818,4.03685E-05,1206.7
1/20/10,0.00841728,3.21584E-05,1216.9
1/21/10,-0.002880305,3.85989E-05,1213.4
1/22/10,-0.024021172,3.15853E-05,1184.6
1/25/10,0.006982152,3.89868E-05,1192.9
1/26/10,-0.009433238,3.64129E-05,1181.7
1/27/10,0.000845881,2.07324E-05,1182.7
1/28/10,0.005480852,3.75735E-05,1189.2
1/29/10,-0.006495994,2.03746E-05,1181.5
2/1/10,0.000169262,1.53071E-05,1181.7
2/2/10,-0.001016002,1.11554E-05,1180.5
2/3/10,-0.002119992,1.975E-05,1178
2/4/10,-0.029024989,7.11679E-05,1144.3
2/5/10,-0.040119483,0.000176067,1099.3
2/8/10,0.001545244,0.000103831,1101
2/9/10,0.010930058,5.31487E-05,1113.1
2/10/10,0.019924167,3.77354E-05,1135.5
2/11/10,-0.007868835,7.6707E-05,1126.6
2/12/10,-0.008915894,9.84324E-05,1116.6
2/15/10,0.009448328,2.18137E-05,1127.2
2/16/10,0.011554704,2.38965E-05,1140.3
2/17/10,0.009426621,2.13224E-05,1151.1
2/18/10,-0.003655357,5.8675E-05,1146.9
2/19/10,0.008940644,3.79985E-05,1157.2
2/22/10,-0.000864528,1.0957E-05,1156.2
2/23/10,-0.008512168,3.70814E-05,1146.4
2/24/10,-0.002357977,2.73096E-05,1143.7
2/25/10,-0.013911124,4.75656E-05,1127.9
2/26/10,0.00442322,9.41058E-05,1132.9
3/1/10,0.008875668,2.12401E-05,1143
3/2/10,0.000524797,1.95017E-05,1143.6
3/3/10,0.003491624,1.574E-05,1147.6
3/4/10,0.001828234,1.16118E-05,1149.7
3/5/10,0.00364647,2.05933E-05,1153.9
3/8/10,0.011974128,1.14629E-05,1167.8
3/9/10,0.002992606,1.66355E-05,1171.3
3/10/10,0.002728282,1.76344E-05,1174.5
3/11/10,0.001276324,2.28105E-05,1176
3/12/10,0.012170536,1.20456E-05,1190.4
3/15/10,-0.006151273,1.61621E-05,1183.1
3/16/10,0.012682318,1.27496E-05,1198.2
3/17/10,0.011533962,1.5828E-05,1212.1
3/18/10,-0.004713674,9.32E-06,1206.4
3/19/10,-0.009829317,1.22765E-05,1194.6
3/22/10,-0.006803604,2.64557E-05,1186.5
3/23/10,0.000252813,2.79341E-05,1186.8
3/24/10,-0.002868958,0.000112658,1183.4
3/25/10,0.008833608,1.7262E-05,1193.9
3/26/10,0.01174084,7.44E-06,1208
3/29/10,-0.002154637,1.90418E-05,1205.4
3/30/10,0.003230218,8.51E-06,1209.3
3/31/10,-0.009304711,2.27254E-05,1198.1
4/1/10,0.016801554,1.06149E-05,1218.4
4/6/10,0.012317134,3.00655E-05,1233.5
4/7/10,0.006061849,2.16138E-05,1241
4/8/10,-0.01403845,2.52501E-05,1223.7
4/9/10,0.010890875,1.00853E-05,1237.1
4/12/10,0.007730129,8.55E-06,1246.7
4/13/10,0.005120421,2.38599E-05,1253.1
4/14/10,0.030570924,4.90371E-05,1292
4/15/10,0.007249203,5.20641E-05,1301.4
4/16/10,-0.003772282,2.43074E-05,1296.5
4/19/10,-0.007898446,4.65662E-05,1286.3
4/20/10,0.001320748,2.37434E-05,1288
4/21/10,0.002636274,2.0237E-05,1291.4
4/22/10,-0.012545456,9.2269E-05,1275.3
4/23/10,0.013396882,1.80083E-05,1292.5
4/26/10,0.017866518,1.71739E-05,1315.8
4/27/10,-0.011004238,2.54243E-05,1301.4
4/28/10,-0.018535565,6.34144E-05,1277.5
4/29/10,0.001642486,3.104E-05,1279.6
4/30/10,0.000703098,1.27479E-05,1280.5
5/3/10,0.002028398,8.30E-06,1283.1
5/4/10,-0.015235099,5.6006E-05,1263.7
5/5/10,-0.047481375,0.000143218,1205.1
5/6/10,-0.017157386,0.000131597,1184.6
5/7/10,-0.032516913,0.00023021,1146.7
5/10/10,0.067683914,0.000118165,1227
5/11/10,-0.014613182,3.97349E-05,1209.2
5/12/10,0.01851753,5.79654E-05,1231.8
5/13/10,-0.001381047,3.50862E-05,1230.1
5/14/10,-0.021612247,4.03983E-05,1203.8
5/17/10,-0.009431276,4.30602E-05,1192.5
5/18/10,0.017621601,3.09623E-05,1213.7
5/19/10,-0.014941757,8.82409E-05,1195.7
5/20/10,-0.04158195,0.00019456,1147
5/21/10,-0.005332414,0.000200352,1140.9
5/24/10,0.013580778,3.08654E-05,1156.5
5/25/10,-0.052181121,0.000128596,1097.7
5/26/10,0.029531384,3.6211E-05,1130.6
5/27/10,0.013790899,4.15855E-05,1146.3
5/28/10,0.019095927,5.5764E-05,1168.4
5/31/10,0.004951773,1.86838E-05,1174.2
6/1/10,-0.021259999,4.18317E-05,1149.5
6/2/10,0.007367314,4.37671E-05,1158
6/3/10,0.019497796,6.71E-06,1180.8
6/4/10,-0.044328587,0.000313773,1129.6
6/7/10,-0.020209934,0.000146463,1107
6/8/10,-0.003710579,0.000129014,1102.9
6/9/10,0.005064676,3.91335E-05,1108.5
6/10/10,0.023184275,5.68777E-05,1134.5
6/11/10,0.00501166,7.47572E-05,1140.2
6/14/10,0.013502535,1.89027E-05,1155.7
6/15/10,0.001988158,2.02139E-05,1158
6/16/10,0.001380739,3.39622E-05,1159.6
6/17/10,0.001895409,5.34226E-05,1161.8
6/18/10,0.005322358,1.52368E-05,1168
6/21/10,0.013436719,1.28118E-05,1183.8
6/22/10,-0.00584574,2.68078E-05,1176.9
6/23/10,-0.020950367,3.31249E-05,1152.5
6/24/10,-0.012309728,4.49048E-05,1138.4
6/25/10,-0.003696211,3.1366E-05,1134.2
6/28/10,-0.001411682,3.11633E-05,1132.6
6/29/10,-0.017007667,4.37512E-05,1113.5
6/30/10,-0.008296558,8.55668E-05,1104.3
7/1/10,0.005418599,5.39557E-05,1110.3
7/2/10,0.008787718,4.6079E-05,1120.1
7/7/10,-0.002681925,8.41239E-05,1117.1
7/8/10,0.020818398,3.85229E-05,1140.6
7/9/10,0.001226671,1.35681E-05,1142
7/12/10,0.007502434,3.14718E-05,1150.6
7/13/10,0.02055898,4.30781E-05,1174.5
7/14/10,0.001106242,1.73377E-05,1175.8
7/15/10,8.50449E-05,2.05604E-05,1175.9
7/16/10,-0.016895046,2.61124E-05,1156.2
7/19/10,-0.005898699,2.28755E-05,1149.4
7/20/10,-0.00532125,4.45254E-05,1143.3
7/21/10,0.013897557,2.00556E-05,1159.3
7/22/10,0.00850338,1.4807E-05,1169.2
7/23/10,-0.001283752,2.06648E-05,1167.7
7/26/10,0.008442467,1.06898E-05,1177.6
7/27/10,0.010558868,3.73874E-05,1190.1
7/28/10,-0.005392211,2.34098E-05,1183.7
7/29/10,0.007826017,2.56086E-05,1193
7/30/10,-0.018100807,3.31063E-05,1171.6
8/2/10,0.012890273,1.53686E-05,1186.8
8/3/10,-8.42637E-05,2.17054E-05,1186.7
8/4/10,0.013226377,2.33414E-05,1202.5
8/5/10,-0.001081666,1.66149E-05,1201.2
8/6/10,-0.001249532,2.70276E-05,1199.7
8/9/10,0.000416684,9.53E-06,1200.2
8/10/10,-0.009880345,2.16175E-05,1188.4
8/11/10,-0.010999349,2.90052E-05,1175.4
8/12/10,-0.007000797,2.22925E-05,1167.2
8/13/10,0.008106192,2.25677E-05,1176.7
8/16/10,0.00381696,1.72375E-05,1181.2
8/17/10,0.013287556,1.33955E-05,1197
8/18/10,-0.010413262,3.78665E-05,1184.6
8/19/10,0.005975694,5.42492E-05,1191.7
8/20/10,-0.014793794,2.01811E-05,1174.2
8/23/10,0.006536248,7.27E-06,1181.9
8/24/10,-0.0201699,2.68594E-05,1158.3
8/25/10,-0.014697834,4.23036E-05,1141.4
8/26/10,0.008549297,2.61122E-05,1151.2
8/27/10,-0.000521331,1.96603E-05,1150.6
8/30/10,0.003383804,7.89E-06,1154.5
8/31/10,-0.014395014,1.30537E-05,1138
9/1/10,0.014481628,2.52401E-05,1154.6
9/2/10,0.017514184,4.12004E-05,1175
9/3/10,-0.005804045,4.20688E-05,1168.2
9/6/10,-0.006699329,1.49631E-05,1160.4
9/7/10,-0.01117911,9.21E-06,1147.5
9/8/10,-0.00848909,4.03737E-05,1137.8
9/9/10,0.002019405,3.76501E-05,1140.1
9/10/10,-0.001843642,1.56245E-05,1138
9/13/10,0.00866185,1.86787E-05,1147.9
9/14/10,-0.003053704,2.31893E-05,1144.4
9/15/10,-0.005081045,7.74E-06,1138.6
9/16/10,0.000965632,1.73963E-05,1139.7
9/17/10,-0.006072626,3.45709E-05,1132.8
9/20/10,0.001411433,2.10626E-05,1134.4
9/21/10,0.003432045,8.50E-06,1138.3
9/22/10,-0.005814994,2.14394E-05,1131.7
9/23/10,-0.004605446,2.52492E-05,1126.5
9/24/10,0.007781452,2.11437E-05,1135.3
9/27/10,-0.007426433,1.90041E-05,1126.9
9/29/10,-0.001776357,3.70161E-05,1124.9
9/30/10,0.004257968,2.98889E-05,1129.7
10/1/10,-0.002392876,2.72164E-05,1127
10/4/10,-0.001865092,1.82566E-05,1124.9
10/5/10,0.001776357,1.45265E-05,1126.9
10/6/10,0.012522209,2.05158E-05,1141.1
10/7/10,0.003848513,2.81337E-05,1145.5
10/8/10,-0.00244734,2.36438E-05,1142.7
10/11/10,0.005933182,1.58979E-05,1149.5
10/12/10,-0.007421994,2.02655E-05,1141
10/13/10,0.010548897,3.37943E-05,1153.1
10/14/10,-0.007573486,2.72997E-05,1144.4
10/15/10,-0.002537295,2.9884E-05,1141.5
10/18/10,-0.008357207,1.83472E-05,1132
10/19/10,0.00405537,3.59005E-05,1136.6
10/20/10,-0.002201965,2.08403E-05,1134.1
10/21/10,0.00176196,1.93163E-05,1136.1
10/22/10,0.001670991,1.91789E-05,1138
10/25/10,0.009358532,7.87223E-05,1148.7
10/26/10,0.000870171,1.71666E-05,1149.7
10/27/10,0.009177554,1.42681E-05,1160.3
10/29/10,-0.008395047,1.29362E-05,1150.6
11/1/10,0.005114657,8.70E-06,1156.5
11/2/10,0.001900484,8.76E-06,1158.7
11/3/10,0.006880564,1.27036E-05,1166.7
11/4/10,0.00478838,1.58815E-05,1172.3
11/5/10,-0.00547431,2.29814E-05,1165.9
11/8/10,-0.004814729,2.82074E-05,1160.3
11/9/10,0.010118419,1.268E-05,1172.1
11/10/10,-0.010980637,1.1838E-05,1159.3
11/11/10,-0.017139051,6.8138E-05,1139.6
11/12/10,0.010127553,5.6764E-05,1151.2
11/15/10,0.000955068,1.19291E-05,1152.3
11/16/10,-0.012136177,1.98708E-05,1138.4
11/18/10,0.007177274,1.46257E-05,1146.6
11/19/10,-0.000872524,1.62326E-05,1145.6
11/22/10,-0.001135421,1.43532E-05,1144.3
11/23/10,-0.019145673,4.01976E-05,1122.6
11/24/10,0.005950548,2.82943E-05,1129.3
11/25/10,0.002476343,1.63629E-05,1132.1
11/26/10,-0.006913695,5.11235E-05,1124.3
11/29/10,-0.002582715,3.46537E-05,1121.4
11/30/10,-0.010578315,3.25152E-05,1109.6
12/1/10,0.034457153,3.2005E-05,1148.5
12/2/10,0.013491513,5.67784E-05,1164.1
12/3/10,-0.001805598,4.54905E-05,1162
12/6/10,0.005492633,2.28613E-05,1168.4
12/7/10,0.005036934,3.42124E-05,1174.3
12/8/10,-0.005978836,9.28E-06,1167.3
12/9/10,0.002139404,1.89291E-05,1169.8
12/10/10,0.008257826,1.77184E-05,1179.5
12/13/10,0.013641168,1.91617E-05,1195.7
12/14/10,-0.007723991,1.8008E-05,1186.5
12/15/10,0.005630977,2.3655E-05,1193.2
12/16/10,0.004432001,3.17304E-05,1198.5
12/17/10,-0.001670147,2.72135E-05,1196.5
12/20/10,0.004336593,1.3127E-05,1201.7
12/21/10,0.009936324,6.69E-06,1213.7
12/22/10,0.00910402,8.08E-06,1224.8
12/23/10,-0.002043236,8.34E-06,1222.3
12/27/10,-0.003852622,4.48E-06,1217.6
12/28/10,0.0059775,5.65E-06,1224.9
12/29/10,0.006834296,7.06E-06,1233.3
12/30/10,-0.004225244,1.0976E-05,1228.1
1/3/11,0.008351964,1.30069E-05,1238.4
1/4/11,0.012358716,3.59145E-05,1253.8
1/5/11,-0.008651127,3.53095E-05,1243
1/6/11,0.008411826,1.77229E-05,1253.5
1/7/11,-0.009619313,3.20421E-05,1241.5
1/10/11,-0.022646781,4.20638E-05,1213.7
1/11/11,0.012283155,1.99369E-05,1228.7
1/12/11,0.011168779,2.31251E-05,1242.5
1/13/11,0.001367274,2.66069E-05,1244.2
1/14/11,-0.001689258,1.11551E-05,1242.1
1/17/11,0.005059236,1.58971E-05,1248.4
1/18/11,0.016681616,2.54496E-05,1269.4
1/19/11,0.001888872,2.50078E-05,1271.8
1/20/11,-0.014653147,3.35565E-05,1253.3
1/21/11,0.013315565,2.69639E-05,1270.1
1/24/11,-0.009970015,1.94193E-05,1257.5
1/25/11,-0.015628449,3.80367E-05,1238
1/26/11,0.003547819,1.26231E-05,1242.4
1/27/11,0.00080457,2.50293E-05,1243.4
1/28/11,-0.009860259,3.80674E-05,1231.2
1/31/11,0.006799443,5.01591E-05,1239.6
2/1/11,0.007634545,2.22916E-05,1249.1
2/2/11,-0.001442077,1.84201E-05,1247.3
2/3/11,-0.010558228,2.63342E-05,1234.2
2/4/11,0.013999746,1.33644E-05,1251.6
2/7/11,0.000479272,1.07147E-05,1252.2
2/8/11,-0.007776525,2.58723E-05,1242.5
2/9/11,0.002973442,1.36086E-05,1246.2
2/10/11,-0.007167335,2.77569E-05,1237.3
2/11/11,-0.001293975,1.13783E-05,1235.7
2/14/11,0.008621785,1.543E-05,1246.4
2/15/11,-0.000642055,1.69392E-05,1245.6
2/16/11,0.003766181,2.82265E-05,1250.3
2/17/11,-0.005212313,2.66833E-05,1243.8
2/18/11,-0.000723851,2.10551E-05,1242.9
2/21/11,0.000241342,1.81979E-05,1243.2
2/22/11,-0.001690617,2.83317E-05,1241.1
2/23/11,0.0007249,2.01992E-05,1242
2/24/11,-0.000161044,1.94666E-05,1241.8
2/25/11,0.002091546,1.75152E-05,1244.4
2/28/11,0.000241051,1.8759E-05,1244.7
3/1/11,-0.011311424,2.23322E-05,1230.7
3/2/11,-0.000243793,9.17E-06,1230.4
3/3/11,0.006480904,1.70696E-05,1238.4
3/4/11,-0.006968669,2.16776E-05,1229.8
3/7/11,-0.003992347,1.94308E-05,1224.9
3/8/11,-0.005484849,3.62368E-05,1218.2
3/9/11,0.004259508,1.48256E-05,1223.4
3/10/11,-0.007713175,2.19193E-05,1214
3/11/11,-0.000576773,2.0384E-05,1213.3
3/14/11,0,2.50561E-05,1213.3
3/15/11,-0.008608612,5.43657E-05,1202.9
3/16/11,8.3129E-05,4.27038E-05,1203
3/17/11,0.003816482,2.28743E-05,1207.6
3/18/11,0.001902793,3.28377E-05,1209.9
3/21/11,0.013463794,1.18933E-05,1226.3
3/22/11,-0.006873442,2.86641E-05,1217.9
3/23/11,0.002951548,1.127E-05,1221.5
3/24/11,0.012447787,2.71272E-05,1236.8
3/25/11,0.004517594,6.95E-06,1242.4
3/28/11,0.010329595,1.71575E-05,1255.3
3/29/11,0.00111465,2.33746E-05,1256.7
3/30/11,0.002146179,1.34354E-05,1259.4
3/31/11,-0.002623734,1.5285E-05,1256.1
4/1/11,0.00119346,2.01263E-05,1257.6
4/4/11,0.007209951,8.91E-06,1266.7
4/5/11,-0.001342971,1.00626E-05,1265
4/6/11,0.007403357,8.80E-06,1274.4
4/7/11,-0.002592812,9.35E-06,1271.1
4/8/11,-0.0014171,7.39E-06,1269.3
4/11/11,-0.004184272,8.48E-06,1264
4/12/11,-0.022481846,1.55559E-05,1235.9
4/13/11,0.009101589,1.98736E-05,1247.2
4/14/11,-0.008858881,1.80197E-05,1236.2
4/15/11,0.003633578,1.88237E-05,1240.7
4/18/11,-0.014941407,4.52629E-05,1222.3
4/19/11,0.005710572,1.91503E-05,1229.3
4/20/11,0.006971494,1.40616E-05,1237.9
4/21/11,0.010926436,1.20533E-05,1251.5
4/26/11,-0.003842772,2.16341E-05,1246.7
4/27/11,0.010929071,1.30016E-05,1260.4
4/28/11,-0.001111376,1.57504E-05,1259
4/29/11,0.001111376,3.15396E-05,1260.4
5/2/11,0.007430277,1.02711E-05,1269.8
5/3/11,-0.004024468,1.48025E-05,1264.7
5/4/11,0.003551841,2.02725E-05,1269.2
5/5/11,-0.009102125,3.60145E-05,1257.7
5/6/11,0.001430161,3.3013E-05,1259.5
5/9/11,0.00119024,4.53094E-05,1261
5/10/11,0.00300895,2.78373E-05,1264.8
5/11/11,0.000790326,1.20696E-05,1265.8
5/12/11,-0.006896852,2.1108E-05,1257.1
5/13/11,0.005157309,2.71238E-05,1263.6
5/16/11,-0.005475552,3.07052E-05,1256.7
5/17/11,-0.002071054,2.55964E-05,1254.1
5/18/11,-0.004875914,5.09844E-05,1248
5/19/11,0.006389798,3.95832E-05,1256
5/20/11,-0.001035568,2.33467E-05,1254.7
5/23/11,-0.00928824,2.69947E-05,1243.1
5/24/11,0.002972009,4.61747E-05,1246.8
5/25/11,-0.004582186,3.95307E-05,1241.1
5/26/11,0.000966417,2.88368E-05,1242.3
5/27/11,-0.001449976,1.19751E-05,1240.5
5/30/11,-0.001048514,4.35189E-05,1239.2
5/31/11,0.007476821,4.16038E-05,1248.5
6/1/11,-0.00144277,1.97672E-05,1246.7
6/2/11,-0.006922114,3.28069E-05,1238.1
6/3/11,-0.01047385,2.2255E-05,1225.2
6/6/11,-0.001061615,6.56E-06,1223.9
6/7/11,0.00285563,1.38886E-05,1227.4
6/8/11,-0.009495815,9.67E-06,1215.8
6/9/11,-0.005608725,2.98407E-05,1209
6/10/11,0.00544421,7.61E-06,1215.6
6/13/11,0.007213146,1.54231E-05,1224.4
6/14/11,0.000489916,2.08228E-05,1225
6/15/11,-0.00122524,8.57E-06,1223.5
6/16/11,-0.008618974,9.50E-06,1213
6/17/11,-0.002228367,1.84137E-05,1210.3
6/20/11,0.001981016,1.05411E-05,1212.7
6/21/11,0.011559875,9.61E-06,1226.8
6/22/11,-0.001223441,2.70991E-05,1225.3
6/23/11,-0.011987007,3.07906E-05,1210.7
6/24/11,-0.006380268,3.02732E-05,1203
6/27/11,-0.010025147,3.68077E-05,1191
6/28/11,0.00218066,9.08E-06,1193.6
6/29/11,0.018839513,2.74185E-05,1216.3
6/30/11,0.00720901,2.04758E-05,1225.1
7/1/11,0.00788654,1.63151E-05,1234.8
7/4/11,-0.000729129,8.98E-06,1233.9
7/7/11,-0.001865748,1.25822E-05,1231.6
7/8/11,-0.010775614,2.4984E-05,1218.4
7/11/11,-0.012055302,1.09538E-05,1203.8
7/12/11,-0.002661788,4.72332E-05,1200.6
7/13/11,0.005647856,1.89803E-05,1207.4
7/14/11,-0.005481286,1.57841E-05,1200.8
7/15/11,-0.000416476,2.11364E-05,1200.3
7/18/11,-0.01232255,1.93122E-05,1185.6
7/19/11,-0.000674992,3.7955E-05,1184.8
7/20/11,0.008237417,1.96503E-05,1194.6
7/21/11,0.011816731,3.1201E-05,1208.8
7/22/11,-0.005142252,1.58731E-05,1202.6
7/25/11,-0.001747743,1.17797E-05,1200.5
7/26/11,-0.011814625,2.40752E-05,1186.4
7/27/11,-0.002278386,1.69337E-05,1183.7
7/28/11,-0.004827041,4.14913E-05,1178
7/29/11,-0.00314586,3.99311E-05,1174.3
8/1/11,0.000851209,2.31307E-05,1175.3
8/2/11,-0.006658724,4.23526E-05,1167.5
8/3/11,-0.021383319,5.49641E-05,1142.8
8/4/11,-0.020777901,9.2969E-05,1119.3
8/5/11,-0.026617541,0.000285008,1089.9
8/8/11,-0.069720595,0.000276445,1016.5
8/9/11,-0.015365854,0.001317943,1001
8/10/11,-0.018145659,0.00036881,983
8/11/11,-0.007864004,0.00062372,975.3
8/12/11,0.015565704,9.31732E-05,990.6
8/15/11,0.02561304,9.06044E-05,1016.3
8/16/11,-0.011678676,9.13949E-05,1004.5
8/17/11,0.01912896,5.58765E-05,1023.9
8/18/11,-0.031147132,0.0001999,992.5
8/19/11,0.000402941,0.000137461,992.9
8/22/11,0.005824479,8.17631E-05,998.7
8/23/11,-0.00130254,3.96064E-05,997.4
8/24/11,0.016999266,8.36501E-05,1014.5
8/25/11,0.005896823,9.17811E-05,1020.5
8/26/11,-0.006192579,2.17829E-05,1014.2
8/29/11,0.017010871,4.07491E-05,1031.6
8/30/11,-0.002717921,3.73984E-05,1028.8
8/31/11,0.013708102,2.88027E-05,1043
9/1/11,-0.003938715,3.0606E-05,1038.9
9/2/11,-0.017673795,3.81404E-05,1020.7
9/5/11,-0.051566622,6.40776E-05,969.4
9/6/11,0.008730092,0.000160007,977.9
9/7/11,0.019443651,4.40879E-05,997.1
9/8/11,0.007095418,5.81187E-05,1004.2
9/9/11,-0.022253347,0.000103757,982.1
9/12/11,-0.035338634,0.000199715,948
9/13/11,0.003685184,0.000183983,951.5
9/14/11,0.00105042,9.18144E-05,952.5
9/15/11,0.003039994,1.23E-06,955.4
9/16/11,0.000418585,7.43856E-05,955.8
9/19/11,-0.048994203,0.000178177,910.1
9/20/11,-0.00021978,7.53613E-05,909.9
9/21/11,0.019697029,5.14067E-05,928
9/22/11,-0.035984576,9.41598E-05,895.2
9/23/11,-0.023166187,0.000351447,874.7
9/26/11,0.030179072,0.000310501,901.5
9/27/11,0.038836664,7.90483E-05,937.2
9/29/11,0.007547206,0.000122912,944.3
9/30/11,-0.012896528,5.03997E-05,932.2
10/3/11,-0.013608591,7.46928E-05,919.6
10/4/11,-0.028233018,0.000117157,894
10/5/11,0.005577259,8.57081E-05,899
10/6/11,0.036907781,0.000131452,932.8
10/7/11,0.019428394,8.72318E-05,951.1
10/10/11,-0.018678247,0.000139865,933.5
10/11/11,-0.007526917,3.81879E-05,926.5
10/12/11,0.021568207,6.75284E-05,946.7
10/13/11,-0.007102378,6.26287E-05,940
10/14/11,-0.005654253,5.91263E-05,934.7
10/17/11,-0.017483718,5.69151E-05,918.5
10/18/11,0.001740455,6.2006E-05,920.1
10/19/11,0.008118246,7.52635E-05,927.6
10/20/11,-0.008226935,3.99377E-05,920
10/21/11,0.012315161,5.17464E-05,931.4
10/24/11,0.010041747,7.72449E-05,940.8
10/25/11,0.000956175,0.000100187,941.7
10/26/11,0.006562259,3.36645E-05,947.9
10/27/11,0.021912396,4.67056E-05,968.9
10/31/11,-0.038935895,5.50234E-05,931.9
11/1/11,-0.03794671,0.000164275,897.2
11/2/11,0.008103502,0.000131087,904.5
11/3/11,0.018186303,0.000155035,921.1
11/4/11,-0.001738564,5.12972E-05,919.5
11/7/11,-0.014570012,4.48075E-05,906.2
11/8/11,0.001764058,6.48236E-05,907.8
11/9/11,-0.006298711,0.000102985,902.1
11/10/11,0.001107911,9.66766E-05,903.1
11/11/11,0.007940926,6.96468E-05,910.3
11/14/11,-0.004514183,5.45865E-05,906.2
11/15/11,-0.016242431,5.82698E-05,891.6
11/16/11,-0.002920366,2.40569E-05,889
11/18/11,-0.014616996,3.58176E-05,876.1
11/21/11,-0.023560392,6.99523E-05,855.7
11/22/11,-0.008449763,7.15027E-05,848.5
11/23/11,-0.006028743,0.000107207,843.4
11/24/11,0.005910881,0.000112298,848.4
11/25/11,-0.005792321,5.18974E-05,843.5
11/28/11,0.01948876,4.04572E-05,860.1
11/29/11,-0.014168026,5.3479E-05,848
11/30/11,0.033056069,0.00031164,876.5
12/1/11,-0.005376665,7.9426E-05,871.8
12/2/11,0.016269771,6.58355E-05,886.1
12/5/11,0.016897398,4.62101E-05,901.2
12/6/11,-0.008916689,2.40902E-05,893.2
12/7/11,-0.013525905,4.75057E-05,881.2
12/8/11,-0.005233827,4.83771E-05,876.6
12/9/11,-0.003084835,9.9085E-05,873.9
12/12/11,-0.017546335,3.15493E-05,858.7
12/13/11,0.004995073,3.55833E-05,863
12/14/11,-0.011655144,4.0767E-05,853
12/15/11,0.004444972,4.64027E-05,856.8
12/16/11,-0.001167815,3.59228E-05,855.8
12/19/11,-0.004802352,2.06684E-05,851.7
12/20/11,0.022063134,4.34691E-05,870.7
12/21/11,0.007551523,6.12671E-05,877.3
12/22/11,0.012685638,3.02352E-05,888.5
12/23/11,0.010858113,3.97331E-05,898.2
12/27/11,0.008315365,1.88491E-05,905.7
12/28/11,-0.001215268,1.44438E-05,904.6
12/29/11,-0.001991812,1.55829E-05,902.8
12/30/11,0.005412883,2.54661E-05,907.7
1/2/12,0.016498599,2.12498E-05,922.8
1/3/12,0.011528437,3.34357E-05,933.5
1/4/12,-0.008822954,7.07712E-05,925.3
1/5/12,-0.027834363,8.95404E-05,899.9
1/6/12,-0.006130544,3.21288E-05,894.4
1/9/12,-0.010565457,8.05581E-05,885
1/10/12,0.014248292,0.000145024,897.7
1/11/12,-0.010076216,3.38705E-05,888.7
1/12/12,0.010187606,3.33842E-05,897.8
1/13/12,-0.006817573,5.80909E-05,891.7
1/16/12,0.003805691,2.70185E-05,895.1
1/17/12,0.004570035,3.54281E-05,899.2
1/18/12,-0.000444939,2.839E-05,898.8
1/19/12,0.017863525,5.47685E-05,915
1/20/12,0.019373949,3.64265E-05,932.9
1/23/12,0.025400879,7.76921E-05,956.9
1/24/12,-0.014420544,6.89294E-05,943.2
1/25/12,0.000741879,3.83012E-05,943.9
1/26/12,0.033954522,0.000118143,976.5
1/27/12,-0.007297427,5.71014E-05,969.4
1/30/12,-0.023589446,5.44718E-05,946.8
1/31/12,0.02462048,6.70294E-05,970.4
2/1/12,0.012188403,3.90454E-05,982.3
2/2/12,0.013950893,3.85031E-05,996.1
2/3/12,0.005306646,0.000119886,1001.4
2/6/12,0.010628359,4.66791E-05,1012.1
2/7/12,-0.0112277,0.000109921,1000.8
2/8/12,0.022526145,3.67809E-05,1023.6
2/9/12,0.003316106,4.41493E-05,1027
2/10/12,-0.032056564,0.000101614,994.6
2/13/12,0.014275261,4.73217E-05,1008.9
2/14/12,-0.002878557,3.48022E-05,1006
2/15/12,0.001688435,4.68627E-05,1007.7
2/16/12,-0.010875637,4.0463E-05,996.8
2/17/12,0.018192261,6.57979E-05,1015.1
2/20/12,0.003638334,1.21221E-05,1018.8
2/21/12,-0.003638334,3.3235E-05,1015.1
2/22/12,-0.002070905,2.46271E-05,1013
2/23/12,-0.019336793,0.000119624,993.6
2/24/12,0.011308602,3.35324E-05,1004.9
2/27/12,-0.002790236,2.865E-05,1002.1
2/28/12,-0.008518366,3.56909E-05,993.6
2/29/12,0.017953804,2.78903E-05,1011.6
3/1/12,0.003946335,1.74211E-05,1015.6
3/2/12,0.000984155,1.86987E-05,1016.6
3/5/12,-0.010382256,2.60959E-05,1006.1
3/6/12,-0.017546948,5.27873E-05,988.6
3/7/12,0.001213102,3.63731E-05,989.8
3/8/12,0.00855093,2.32094E-05,998.3
3/9/12,-0.001303062,2.18534E-05,997
3/12/12,-0.010283385,1.8492E-05,986.8
3/13/12,0.004146236,8.29E-06,990.9
3/14/12,0.007340036,2.14325E-05,998.2
3/15/12,-0.003713559,2.54415E-05,994.5
3/16/12,-0.003828334,1.86328E-05,990.7
3/19/12,0.00884339,2.44299E-05,999.5
3/20/12,-0.007935354,2.53106E-05,991.6
3/21/12,-0.000908036,1.88992E-05,990.7
3/22/12,-0.003741725,2.74668E-05,987
3/23/12,-0.001419447,2.25342E-05,985.6
3/26/12,0.003342621,1.17449E-05,988.9
3/27/12,0.005345179,2.09557E-05,994.2
3/28/12,-0.009804496,1.71663E-05,984.5
3/29/12,-0.014837827,2.391E-05,970
3/30/12,0.004525825,1.74321E-05,974.4
4/2/12,-0.007726819,3.99231E-05,966.9
4/3/12,-0.002070608,1.67577E-05,964.9
4/4/12,-0.017986473,3.50438E-05,947.7
4/5/12,-0.0117817,4.06198E-05,936.6
4/10/12,-0.010626408,4.18569E-05,926.7
4/11/12,0.013930787,5.39519E-05,939.7
4/12/12,0.000638298,4.09113E-05,940.3
4/13/12,-0.010154542,3.16336E-05,930.8
4/16/12,-0.01319366,4.43929E-05,918.6
4/17/12,0.002392086,4.21242E-05,920.8
4/18/12,0.00141082,1.94883E-05,922.1
4/19/12,-0.003476375,3.50461E-05,918.9
4/20/12,0.006940707,1.07295E-05,925.3
4/23/12,-0.015026415,2.36766E-05,911.5
4/24/12,0.011995782,3.33198E-05,922.5
4/25/12,0.0135661,2.86578E-05,935.1
4/26/12,-0.004609044,2.75672E-05,930.8
4/27/12,0.003110756,1.89762E-05,933.7
4/30/12,0.004274881,1.67713E-05,937.7
5/2/12,-0.004596235,2.16896E-05,933.4
5/3/12,-0.010013543,5.70237E-05,924.1
5/4/12,-0.004337931,2.81654E-05,920.1
5/7/12,-0.003920293,4.45532E-05,916.5
5/9/12,-0.018723014,4.8832E-05,899.5
5/10/12,0.01171543,5.245E-05,910.1
5/11/12,-0.001209389,2.27612E-05,909
5/14/12,-0.016303805,2.67459E-05,894.3
5/15/12,-0.020903535,6.51859E-05,875.8
5/16/12,-0.000799589,4.36904E-05,875.1
5/17/12,-0.006764917,3.08658E-05,869.2
5/18/12,-0.001035971,4.69474E-05,868.3
5/21/12,0.007115017,4.74424E-05,874.5
5/22/12,0.011483271,2.79246E-05,884.6
5/23/12,-0.005554625,1.93553E-05,879.7
5/24/12,0.000454597,3.78583E-05,880.1
5/25/12,-0.009360799,3.07681E-05,871.9
5/28/12,-0.008292112,4.5284E-05,864.7
5/29/12,0.010926556,1.43788E-05,874.2
5/30/12,0.001828572,4.79845E-05,875.8
5/31/12,-0.006529607,4.39256E-05,870.1
6/1/12,-0.010397506,3.66412E-05,861.1
6/4/12,0.005327787,3.27033E-05,865.7
6/5/12,0.008740711,2.663E-05,873.3
6/6/12,0.007642768,2.70874E-05,880
6/7/12,0.015112501,0.000122166,893.4
6/8/12,-0.008881952,5.09024E-05,885.5
6/11/12,-0.006003303,3.33216E-05,880.2
6/12/12,-0.010507178,4.05614E-05,871
6/13/12,0.002064458,2.37623E-05,872.8
6/14/12,0.005028582,2.60924E-05,877.2
6/15/12,0.005230256,4.32064E-05,881.8
6/18/12,0.000453515,3.79819E-05,882.2
6/19/12,0.013510676,2.14092E-05,894.2
6/20/12,0.001341082,1.67704E-05,895.4
6/21/12,0.005790662,1.72856E-05,900.6
6/22/12,-0.001666945,2.05227E-05,899.1
6/25/12,-0.018522166,2.05326E-05,882.6
6/26/12,0.001019195,3.73914E-05,883.5
6/27/12,0.003277024,1.37224E-05,886.4
6/28/12,-0.009407834,2.88182E-05,878.1
6/29/12,0.020960876,1.87022E-05,896.7
7/2/12,0.013183595,2.19637E-05,908.6
7/3/12,0.00406393,3.64203E-05,912.3
7/4/12,0.004920463,2.09348E-05,916.8
7/9/12,-0.014170611,3.22594E-05,903.9
7/10/12,-0.000442625,1.91287E-05,903.5
7/11/12,0.002211167,2.72257E-05,905.5
7/12/12,-0.010770104,2.19634E-05,895.8
7/13/12,0.010328261,1.31543E-05,905.1
7/16/12,-0.003874472,2.14334E-05,901.6
7/17/12,0.00508907,1.64794E-05,906.2
7/18/12,-0.004202151,1.35468E-05,902.4
7/19/12,0.006296624,3.33963E-05,908.1
7/20/12,-0.008737544,2.44755E-05,900.2
7/23/12,-0.028621672,4.47783E-05,874.8
7/24/12,0.005017114,2.55811E-05,879.2
7/25/12,0.001250355,1.3807E-05,880.3
7/26/12,0.011969429,4.01369E-05,890.9
7/27/12,0.004479792,1.94726E-05,894.9
7/30/12,0.011222964,1.34442E-05,905
7/31/12,-0.014580925,3.60257E-05,891.9
8/1/12,0.001792316,2.77394E-05,893.5
8/2/12,-0.006512487,6.15693E-05,887.7
8/3/12,0.015537115,2.567E-05,901.6
8/6/12,0.010262159,3.70019E-05,910.9
8/7/12,0.004381648,2.21106E-05,914.9
8/8/12,-0.000765404,2.41191E-05,914.2
8/9/12,0.008929603,1.41821E-05,922.4
8/10/12,0.002274082,1.28311E-05,924.5
8/13/12,-0.000865707,7.02E-06,923.7
8/14/12,0.007119771,2.04593E-05,930.3
8/15/12,0.003755168,7.62E-06,933.8
8/16/12,0.006936691,1.06935E-05,940.3
8/17/12,0.00741686,1.11259E-05,947.3
8/20/12,-0.006247704,3.37428E-05,941.4
8/21/12,0.0109868,2.31188E-05,951.8
8/22/12,0.00492586,1.72233E-05,956.5
8/23/12,-0.000836733,1.61617E-05,955.7
8/24/12,-0.009250565,3.44962E-05,946.9
8/27/12,0.006211527,1.62428E-05,952.8
8/28/12,-0.00938479,2.06185E-05,943.9
8/29/12,-0.004885311,2.51403E-05,939.3
8/30/12,0.00053217,3.05976E-05,939.8
8/31/12,0.011321075,2.93747E-05,950.5
9/3/12,0.000420743,1.5054E-05,950.9
9/4/12,-0.004849261,7.92E-06,946.3
9/5/12,0,2.20399E-05,946.3
9/6/12,0.006740415,3.36033E-05,952.7
9/7/12,0.015828717,1.94199E-05,967.9
9/10/12,-0.013522153,1.89953E-05,954.9
9/11/12,-0.002726512,1.52721E-05,952.3
9/12/12,0.010653955,2.4147E-05,962.5
9/13/12,-0.009814236,1.53532E-05,953.1
9/14/12,0.025176155,2.70549E-05,977.4
9/17/12,-0.007393749,1.38731E-05,970.2
9/18/12,-0.003407158,1.87421E-05,966.9
9/19/12,0.000723701,2.84498E-05,967.6
9/20/12,-0.010179791,2.26528E-05,957.8
9/21/12,0.004271507,2.39701E-05,961.9
9/24/12,-0.004355035,1.05943E-05,957.72
9/25/12,0.006120811,1.62948E-05,963.6
9/26/12,-0.019057575,2.29413E-05,945.41
9/27/12,0.008615114,1.91436E-05,953.59
10/1/12,0.012526216,2.98231E-05,965.61
10/2/12,-0.00758871,1.34E-05,958.31
10/3/12,0.004591295,1.74747E-05,962.72
10/4/12,0.006274936,1.56973E-05,968.78
10/5/12,0.015273259,3.37916E-05,983.69
10/8/12,0.000325253,1.92373E-05,984.01
10/9/12,0.00023371,2.17175E-05,984.24
10/10/12,-0.002278461,1.14483E-05,982
10/11/12,0.003852042,1.76598E-05,985.79
10/12/12,-0.000771253,3.09235E-05,985.03
10/15/12,5.07586E-05,8.33E-06,985.08
10/16/12,0.008893619,1.3446E-05,993.88
10/17/12,-0.00123834,9.93E-06,992.65
10/18/12,0.000483437,1.02066E-05,993.13
10/19/12,-0.006667836,3.04251E-05,986.53
10/22/12,0.002813995,1.59264E-05,989.31
10/23/12,-0.015401374,2.13083E-05,974.19
10/24/12,0.004169127,1.49082E-05,978.26
10/25/12,-0.00254858,1.09751E-05,975.77
10/26/12,-0.010829408,1.77836E-05,965.26
10/29/12,-0.006965337,1.2699E-05,958.56
10/30/12,0.012708917,1.4945E-05,970.82
10/31/12,0.000288374,1.04476E-05,971.1
11/1/12,0.004633467,1.22751E-05,975.61
11/2/12,0.006935641,1.24845E-05,982.4
11/5/12,0.004671482,2.2165E-05,987
11/6/12,0.007771145,1.47502E-05,994.7
11/7/12,-0.004301992,3.66289E-05,990.43
11/8/12,-0.004482838,3.09578E-05,986
11/9/12,-0.006675375,3.41066E-05,979.44
11/12/12,-0.001829247,1.45378E-05,977.65
11/13/12,-0.013728543,3.58728E-05,964.32
11/14/12,0.007644507,2.454E-05,971.72
11/15/12,-0.003040472,2.67713E-05,968.77
11/16/12,0.001784177,4.08684E-05,970.5
11/19/12,0.003332925,1.23996E-05,973.74
11/20/12,-0.006842425,2.96914E-05,967.1
11/21/12,-0.00516272,4.25764E-05,962.12
11/22/12,-3.11816E-05,1.36722E-05,962.09
11/23/12,0.016043731,1.9432E-05,977.65
11/26/12,0.005060564,1.06984E-05,982.61
11/27/12,0.012490239,1.93179E-05,994.96
11/28/12,-0.020193272,2.70308E-05,975.07
11/29/12,0.016467598,1.74886E-05,991.26
11/30/12,0.007617744,4.46743E-05,998.84
12/3/12,-0.003912172,3.37482E-05,994.94
12/4/12,-0.001941699,3.22629E-05,993.01
12/5/12,0.00276553,3.10923E-05,995.76
12/6/12,0.002387282,5.84876E-05,998.14
12/7/12,-0.003985329,5.72048E-05,994.17
12/10/12,-0.00997749,5.30811E-05,984.3
12/11/12,0.009967431,3.58204E-05,994.16
12/12/12,0.005767115,2.04112E-05,999.91
12/13/12,0.001768594,2.61054E-05,1001.68
12/14/12,0.00466127,2.55788E-05,1006.36
12/17/12,0.003758974,2.98345E-05,1010.15
12/18/12,0.020372173,6.01764E-05,1030.94
12/19/12,0.010258183,2.53032E-05,1041.57
12/20/12,-0.006917309,3.63154E-05,1034.39
12/21/12,-0.002487648,6.80542E-05,1031.82
12/27/12,0.006260527,4.85511E-05,1038.3
12/28/12,-0.001281761,3.34466E-05,1036.97
1/2/13,0.027188099,4.23227E-05,1065.55
1/3/13,-0.003073556,2.56514E-05,1062.28
1/4/13,-0.00082875,2.01745E-05,1061.4
1/7/13,-0.003180103,2.50076E-05,1058.03
1/8/13,-0.001002364,3.83988E-05,1056.97
1/9/13,0.007953377,2.09755E-05,1065.41
1/10/13,-0.009136703,5.05895E-05,1055.72
1/11/13,0.000804814,5.5322E-05,1056.57
1/14/13,-0.007619555,4.3115E-05,1048.55
1/15/13,-0.007533912,3.26568E-05,1040.68
1/16/13,-0.004700271,3.2528E-05,1035.8
1/17/13,0.0070038,2.69866E-05,1043.08
1/18/13,-0.001919239,2.87465E-05,1041.08
1/21/13,-0.011632307,3.4717E-05,1029.04
1/22/13,-0.006219253,5.644E-05,1022.66
1/23/13,0.005188636,3.01416E-05,1027.98
1/24/13,-0.006695647,5.19453E-05,1021.12
1/25/13,-9.79322E-06,4.10325E-05,1021.11
1/28/13,-0.007855593,6.49475E-05,1013.12
1/29/13,0.004569456,4.30623E-05,1017.76
1/30/13,0.000825002,3.30638E-05,1018.6
1/31/13,0.001598957,6.6843E-05,1020.23
2/1/13,-0.004371302,4.87591E-05,1015.78
2/4/13,-0.008542159,3.06123E-05,1007.14
2/5/13,-0.008946307,3.89106E-05,998.17
2/6/13,-0.002316917,6.21228E-05,995.86
2/7/13,-0.008936646,3.83487E-05,987
2/8/13,0.008112898,3.75351E-05,995.04
2/11/13,0.004242075,5.21536E-05,999.27
2/12/13,0.003267046,5.05616E-05,1002.54
2/13/13,0.005282569,2.70089E-05,1007.85
2/14/13,-0.008689728,5.00407E-05,999.13
2/15/13,0.003057984,3.51085E-05,1002.19
2/18/13,-0.000898437,3.38505E-05,1001.29
2/19/13,-0.000309649,3.25823E-05,1000.98
2/20/13,0.003570115,1.64067E-05,1004.56
2/21/13,-0.013529836,0.00037808,991.06
2/22/13,0.009639984,4.7486E-05,1000.66
2/25/13,0.014366752,5.11345E-05,1015.14
2/26/13,-0.019617054,3.57352E-05,995.42
2/27/13,-0.000693415,3.25337E-05,994.73
2/28/13,0.016540344,3.8408E-05,1011.32
3/1/13,0.002784554,3.9694E-05,1014.14
3/4/13,-0.007581868,3.77986E-05,1006.48
3/5/13,0.010034141,2.79022E-05,1016.63
3/6/13,0.011695697,4.26655E-05,1028.59
3/7/13,0.000165261,3.5052E-05,1028.76
3/8/13,0.008334471,4.25065E-05,1037.37
3/11/13,-0.005315974,5.50714E-05,1031.87
3/12/13,-0.008349763,4.20583E-05,1023.29
3/13/13,-0.005124071,3.01138E-05,1018.06
3/14/13,0.003255799,4.30997E-05,1021.38
3/15/13,-0.018368539,9.19916E-05,1002.79
3/18/13,-0.013574097,4.119E-05,989.27
3/19/13,-0.008201177,5.2988E-05,981.19
3/20/13,-0.000203855,2.1889E-05,980.99
3/21/13,-0.000112138,3.72653E-05,980.88
3/22/13,0.000285417,3.29744E-05,981.16
3/25/13,-0.015364693,4.78825E-05,966.2
3/26/13,-0.006968959,9.01876E-05,959.49
3/27/13,-0.004470682,8.41133E-05,955.21
3/28/13,0.011294732,7.95049E-05,966.06
4/2/13,0.010298116,5.1038E-05,976.06
4/3/13,-0.011458137,3.96426E-05,964.94
4/4/13,-0.00914066,4.51702E-05,956.16
4/5/13,-0.011063316,5.61429E-05,945.64
4/8/13,-0.001290964,4.02888E-05,944.42
4/9/13,0.001661016,3.8264E-05,945.99
4/10/13,0.022173301,5.12134E-05,967.2
4/11/13,0.010705518,5.36286E-05,977.61
4/12/13,-0.002304184,2.97417E-05,975.36
4/15/13,-0.018063245,4.67586E-05,957.9
4/16/13,-0.000219254,6.58615E-05,957.69
4/17/13,-0.008999431,4.87102E-05,949.11
4/18/13,-0.018138242,6.17379E-05,932.05
4/19/13,0.010268433,3.66556E-05,941.67
4/22/13,0.009364829,5.40126E-05,950.53
4/23/13,0.008558476,0.000226621,958.7
4/24/13,0.008630637,4.36565E-05,967.01
4/25/13,-0.001107116,5.09214E-05,965.94
4/26/13,-0.005200155,7.0479E-05,960.93
4/29/13,0.002743571,4.26299E-05,963.57
4/30/13,0.002446231,3.7609E-05,965.93
5/2/13,-0.004409613,5.55958E-05,961.68
5/3/13,0.002886604,2.66664E-05,964.46
5/6/13,0.003271089,1.27874E-05,967.62
5/7/13,0.001982284,2.32538E-05,969.54
5/9/13,-0.00084612,1.9585E-05,968.72
5/10/13,-0.003225943,4.46294E-05,965.6
5/13/13,0.001862391,3.49697E-05,967.4
5/14/13,0.007640778,2.63865E-05,974.82
5/15/13,0.006594812,2.94993E-05,981.27
5/16/13,0.004605843,2.9775E-05,985.8
5/17/13,-0.003516014,2.14567E-05,982.34
5/20/13,0.000793707,1.10913E-05,983.12
5/21/13,0.001260496,2.73779E-05,984.36
5/22/13,0.004945288,4.41819E-05,989.24
5/23/13,-0.014109833,6.53436E-05,975.38
5/24/13,-0.001272108,3.35455E-05,974.14
5/27/13,0.00747604,3.72287E-05,981.45
5/28/13,0.004828104,3.00388E-05,986.2
5/29/13,-0.006418853,2.70594E-05,979.89
5/30/13,-0.004377404,2.59512E-05,975.61
5/31/13,-0.020754895,5.49381E-05,955.57
